               epoch,      train/box_loss,      train/obj_loss,      train/cls_loss,   metrics/precision,      metrics/recall,     metrics/mAP_0.5,metrics/mAP_0.5:0.95,        val/box_loss,        val/obj_loss,        val/cls_loss,               x/lr0,               x/lr1,               x/lr2
                   0,             0.05896,            0.028611,            0.023462,             0.77892,             0.67958,             0.76098,             0.38539,            0.035334,            0.016286,           0.0093639,            0.070012,            0.003332,            0.003332
                   1,            0.045344,            0.023422,            0.012152,             0.87225,             0.72896,             0.83793,              0.4762,            0.031477,            0.015392,           0.0073013,             0.03999,           0.0066433,           0.0066433
                   2,            0.043032,            0.023389,            0.011074,             0.87603,             0.72223,             0.82706,             0.46872,            0.031484,            0.015746,           0.0077537,           0.0099464,           0.0099326,           0.0099326
                   3,            0.041383,            0.023147,            0.010546,             0.88519,             0.74932,             0.85363,             0.49859,             0.03007,             0.01518,           0.0064472,            0.009901,            0.009901,            0.009901
                   4,            0.039348,            0.022132,           0.0094506,             0.88957,             0.78096,             0.86932,             0.52187,            0.028881,            0.014635,           0.0060697,            0.009901,            0.009901,            0.009901
                   5,            0.038384,            0.021982,           0.0089794,             0.89827,             0.78224,             0.87581,             0.53318,            0.028289,             0.01436,           0.0058399,            0.009868,            0.009868,            0.009868
                   6,            0.037624,            0.021516,           0.0085434,             0.91036,             0.78488,             0.88411,             0.54469,            0.027799,            0.014189,           0.0058123,            0.009835,            0.009835,            0.009835
                   7,            0.036942,            0.021287,           0.0082516,              0.9081,             0.80163,             0.88782,             0.55158,            0.027503,            0.014046,           0.0053636,            0.009802,            0.009802,            0.009802
                   8,            0.036595,            0.021046,           0.0079823,             0.90937,             0.80268,             0.89549,             0.56343,            0.027064,            0.013827,           0.0051778,            0.009769,            0.009769,            0.009769
                   9,            0.036462,            0.020896,           0.0078584,             0.90782,             0.80778,             0.89526,              0.5654,            0.026805,             0.01378,           0.0051015,            0.009736,            0.009736,            0.009736
                  10,            0.036094,            0.020749,            0.007754,             0.91375,              0.8077,             0.89931,             0.56999,            0.026573,            0.013671,           0.0048818,            0.009703,            0.009703,            0.009703
                  11,            0.035834,             0.02081,           0.0075156,             0.91573,             0.81069,             0.89908,              0.5729,            0.026392,            0.013572,           0.0048443,             0.00967,             0.00967,             0.00967
                  12,             0.03557,            0.020675,           0.0074795,             0.91294,             0.82302,             0.90421,             0.57798,            0.026164,            0.013471,           0.0049794,            0.009637,            0.009637,            0.009637
                  13,            0.035458,            0.020557,           0.0074209,             0.91088,             0.82256,             0.90356,             0.58151,            0.026095,            0.013449,           0.0050097,            0.009604,            0.009604,            0.009604
                  14,            0.035314,            0.020511,           0.0072399,             0.91759,             0.82473,             0.90496,             0.58262,            0.026108,             0.01339,           0.0049498,            0.009571,            0.009571,            0.009571
                  15,            0.035112,            0.020474,           0.0072274,             0.91837,             0.82766,             0.90665,              0.5868,            0.025901,             0.01336,           0.0049072,            0.009538,            0.009538,            0.009538
                  16,            0.034962,            0.020349,            0.007092,             0.91718,             0.82851,             0.90724,             0.58853,            0.025758,            0.013325,           0.0048825,            0.009505,            0.009505,            0.009505
                  17,            0.034829,            0.020249,           0.0070907,             0.91612,             0.83263,              0.9089,             0.59012,             0.02562,             0.01328,           0.0048199,            0.009472,            0.009472,            0.009472
                  18,              0.0348,            0.020238,           0.0070372,             0.92026,             0.83297,             0.91003,             0.59131,            0.025498,             0.01325,           0.0048563,            0.009439,            0.009439,            0.009439
                  19,            0.034755,            0.020143,           0.0069204,             0.91408,             0.83894,             0.90948,             0.59254,             0.02545,            0.013242,           0.0048522,            0.009406,            0.009406,            0.009406
                  20,            0.034653,            0.020152,           0.0068507,              0.9132,             0.84102,             0.91108,             0.59401,            0.025381,            0.013219,           0.0048092,            0.009373,            0.009373,            0.009373
                  21,            0.034558,            0.020016,           0.0068107,             0.91377,             0.84196,             0.91212,             0.59414,            0.025342,            0.013201,           0.0048456,             0.00934,             0.00934,             0.00934
                  22,            0.034407,            0.019955,           0.0067517,             0.91338,             0.84173,              0.9119,             0.59542,            0.025271,             0.01319,            0.004787,            0.009307,            0.009307,            0.009307
                  23,            0.034381,            0.020085,           0.0067428,             0.91426,             0.84271,             0.91223,             0.59639,            0.025225,            0.013177,           0.0047509,            0.009274,            0.009274,            0.009274
                  24,             0.03432,            0.019989,           0.0067138,             0.91384,             0.84491,             0.91302,             0.59728,            0.025188,            0.013169,            0.004735,            0.009241,            0.009241,            0.009241
                  25,            0.034296,            0.020027,           0.0066653,             0.91436,             0.84474,             0.91304,             0.59841,            0.025142,            0.013154,           0.0047232,            0.009208,            0.009208,            0.009208
                  26,            0.034146,            0.019951,           0.0066276,             0.91584,             0.84511,             0.91295,             0.59893,            0.025099,            0.013137,           0.0047145,            0.009175,            0.009175,            0.009175
                  27,            0.034112,            0.019864,           0.0066556,             0.91581,             0.84595,             0.91296,             0.59965,            0.025071,            0.013128,           0.0046923,            0.009142,            0.009142,            0.009142
                  28,            0.034017,            0.019883,           0.0065748,             0.91558,             0.84671,             0.91342,             0.59997,            0.025046,            0.013122,           0.0046813,            0.009109,            0.009109,            0.009109
                  29,            0.033866,            0.019837,           0.0065217,             0.91715,             0.84618,             0.91369,              0.6005,            0.025028,            0.013114,           0.0046825,            0.009076,            0.009076,            0.009076
                  30,             0.03402,            0.019768,            0.006643,             0.91722,             0.84597,             0.91334,             0.60063,            0.025001,            0.013105,           0.0046714,            0.009043,            0.009043,            0.009043
                  31,            0.033801,            0.019925,           0.0064387,             0.91634,             0.84651,             0.91363,              0.6012,            0.024974,            0.013097,           0.0046635,             0.00901,             0.00901,             0.00901
                  32,            0.033866,             0.01978,           0.0065335,             0.91632,             0.84747,             0.91429,             0.60153,             0.02495,            0.013089,           0.0046533,            0.008977,            0.008977,            0.008977
                  33,            0.033713,            0.019632,           0.0064633,             0.91651,             0.84753,             0.91473,               0.602,            0.024929,            0.013084,           0.0046445,            0.008944,            0.008944,            0.008944
                  34,            0.033775,             0.01976,           0.0064035,              0.9175,             0.84708,             0.91459,             0.60209,            0.024906,            0.013077,           0.0046382,            0.008911,            0.008911,            0.008911
                  35,            0.033614,            0.019596,           0.0063318,             0.91759,             0.84657,             0.91453,             0.60233,            0.024892,            0.013073,           0.0046293,            0.008878,            0.008878,            0.008878
                  36,            0.033594,             0.01966,           0.0063818,             0.91656,             0.84689,             0.91436,             0.60274,            0.024877,            0.013067,           0.0046261,            0.008845,            0.008845,            0.008845
                  37,            0.033713,            0.019641,           0.0064304,             0.91671,             0.84817,             0.91438,             0.60288,            0.024863,            0.013059,           0.0046293,            0.008812,            0.008812,            0.008812
                  38,            0.033566,            0.019545,           0.0062743,             0.91773,             0.84745,             0.91423,             0.60307,            0.024846,            0.013053,           0.0046246,            0.008779,            0.008779,            0.008779
                  39,            0.033537,            0.019534,           0.0063335,             0.91809,             0.84738,             0.91434,             0.60331,            0.024831,            0.013047,           0.0046217,            0.008746,            0.008746,            0.008746
                  40,             0.03344,              0.0196,           0.0062343,             0.91802,              0.8473,             0.91419,             0.60373,            0.024818,            0.013043,           0.0046244,            0.008713,            0.008713,            0.008713
                  41,            0.033503,            0.019504,           0.0062738,             0.91662,              0.8482,             0.91387,             0.60389,              0.0248,            0.013038,           0.0046302,             0.00868,             0.00868,             0.00868
                  42,            0.033466,             0.01954,           0.0062324,             0.91666,             0.84778,             0.91378,             0.60404,            0.024781,            0.013031,           0.0046333,            0.008647,            0.008647,            0.008647
                  43,            0.033334,            0.019415,           0.0062382,             0.91745,             0.84814,             0.91394,             0.60408,            0.024765,            0.013027,           0.0046349,            0.008614,            0.008614,            0.008614
                  44,            0.033266,            0.019389,           0.0062262,             0.91739,             0.84789,             0.91391,              0.6044,            0.024754,             0.01302,           0.0046333,            0.008581,            0.008581,            0.008581
                  45,            0.033225,            0.019387,           0.0062488,             0.91796,              0.8474,             0.91437,             0.60492,            0.024738,            0.013013,            0.004631,            0.008548,            0.008548,            0.008548
                  46,            0.033274,            0.019382,           0.0061952,             0.91749,             0.84753,             0.91402,             0.60498,            0.024721,            0.013007,           0.0046327,            0.008515,            0.008515,            0.008515
                  47,            0.033351,            0.019403,            0.006137,             0.91805,             0.84782,             0.91411,             0.60527,            0.024703,            0.013001,           0.0046274,            0.008482,            0.008482,            0.008482
                  48,            0.033093,            0.019354,           0.0061886,             0.91845,             0.84732,             0.91434,             0.60585,            0.024678,            0.012995,           0.0046253,            0.008449,            0.008449,            0.008449
                  49,            0.033182,            0.019355,           0.0061832,              0.9183,             0.84735,             0.91437,             0.60577,             0.02466,            0.012991,           0.0046307,            0.008416,            0.008416,            0.008416
                  50,            0.033066,            0.019449,           0.0061147,             0.91907,             0.84754,             0.91459,             0.60612,            0.024645,            0.012984,            0.004625,            0.008383,            0.008383,            0.008383
                  51,            0.033132,            0.019384,           0.0061073,              0.9199,             0.84717,             0.91452,             0.60646,            0.024631,            0.012977,           0.0046373,             0.00835,             0.00835,             0.00835
                  52,            0.032982,            0.019302,           0.0060743,                0.92,               0.847,             0.91441,             0.60677,            0.024622,            0.012971,           0.0046328,            0.008317,            0.008317,            0.008317
                  53,            0.033136,            0.019321,           0.0061204,              0.9202,             0.84832,             0.91488,             0.60673,            0.024616,            0.012968,           0.0046297,            0.008284,            0.008284,            0.008284
                  54,            0.032977,            0.019337,           0.0061208,             0.92032,             0.84788,             0.91461,             0.60676,            0.024607,            0.012965,           0.0046266,            0.008251,            0.008251,            0.008251
                  55,             0.03294,            0.019253,           0.0059683,             0.92053,             0.84848,              0.9143,             0.60692,            0.024598,            0.012962,           0.0046372,            0.008218,            0.008218,            0.008218
                  56,            0.032956,            0.019294,            0.006002,             0.92047,             0.84867,             0.91393,             0.60647,            0.024588,             0.01296,           0.0046331,            0.008185,            0.008185,            0.008185
                  57,            0.032755,            0.019158,           0.0060051,             0.91971,             0.84973,             0.91404,             0.60684,            0.024574,            0.012955,            0.004627,            0.008152,            0.008152,            0.008152
                  58,              0.0328,             0.01924,           0.0059928,             0.91967,             0.84949,             0.91412,             0.60697,            0.024561,             0.01295,           0.0046232,            0.008119,            0.008119,            0.008119
                  59,            0.032809,            0.019205,           0.0059854,             0.92066,             0.84902,             0.91413,             0.60736,             0.02455,            0.012947,           0.0046174,            0.008086,            0.008086,            0.008086
                  60,            0.032755,            0.019221,            0.005933,             0.92048,             0.85046,             0.91416,             0.60761,            0.024543,            0.012943,           0.0046204,            0.008053,            0.008053,            0.008053
                  61,            0.032746,            0.019175,           0.0059838,             0.92103,             0.85002,             0.91412,             0.60767,            0.024534,            0.012937,           0.0046178,             0.00802,             0.00802,             0.00802
                  62,            0.032747,            0.019251,           0.0059808,             0.92042,             0.85123,             0.91429,             0.60783,            0.024529,            0.012934,            0.004617,            0.007987,            0.007987,            0.007987
                  63,            0.032631,             0.01921,           0.0058558,              0.9199,               0.851,             0.91416,             0.60782,            0.024523,            0.012929,           0.0046241,            0.007954,            0.007954,            0.007954
                  64,             0.03277,            0.019135,           0.0059454,             0.91983,             0.85113,             0.91421,             0.60804,            0.024523,            0.012926,             0.00463,            0.007921,            0.007921,            0.007921
                  65,            0.032714,            0.019139,            0.005878,             0.91932,             0.85134,             0.91438,             0.60779,            0.024518,            0.012923,           0.0046406,            0.007888,            0.007888,            0.007888
                  66,            0.032563,            0.019295,           0.0058521,             0.91917,             0.85191,             0.91434,             0.60784,            0.024513,            0.012919,           0.0046538,            0.007855,            0.007855,            0.007855
                  67,            0.032682,             0.01912,           0.0058703,             0.91938,             0.85094,             0.91439,             0.60803,            0.024505,            0.012912,           0.0046694,            0.007822,            0.007822,            0.007822
                  68,            0.032597,            0.019271,           0.0058559,             0.91898,             0.85072,             0.91424,             0.60823,            0.024499,            0.012907,            0.004679,            0.007789,            0.007789,            0.007789
                  69,            0.032505,            0.019042,           0.0058601,             0.92009,             0.85036,             0.91442,             0.60828,            0.024492,            0.012903,           0.0046926,            0.007756,            0.007756,            0.007756
                  70,            0.032454,            0.019132,           0.0058595,             0.92077,             0.84989,             0.91448,             0.60848,            0.024483,            0.012899,            0.004711,            0.007723,            0.007723,            0.007723
                  71,            0.032468,            0.019145,           0.0058461,             0.92047,             0.84925,             0.91431,             0.60879,            0.024474,            0.012896,           0.0047247,             0.00769,             0.00769,             0.00769
                  72,            0.032372,            0.019052,           0.0057227,             0.92059,             0.84878,             0.91411,             0.60909,            0.024468,            0.012891,           0.0047369,            0.007657,            0.007657,            0.007657
                  73,            0.032516,            0.019069,           0.0057946,             0.92077,             0.84882,             0.91402,             0.60906,            0.024458,            0.012888,           0.0047424,            0.007624,            0.007624,            0.007624
                  74,            0.032449,            0.018948,            0.005823,             0.92023,             0.84977,              0.9139,             0.60887,            0.024449,            0.012886,           0.0047351,            0.007591,            0.007591,            0.007591
                  75,            0.032362,            0.018926,           0.0057928,             0.92116,             0.84994,             0.91369,             0.60894,             0.02444,            0.012885,            0.004736,            0.007558,            0.007558,            0.007558
                  76,            0.032361,            0.019003,           0.0056992,             0.92016,              0.8504,             0.91391,             0.60945,             0.02443,            0.012885,           0.0047458,            0.007525,            0.007525,            0.007525
                  77,            0.032348,            0.019061,           0.0058394,             0.92018,             0.85036,             0.91366,             0.60911,            0.024423,            0.012883,           0.0047585,            0.007492,            0.007492,            0.007492
                  78,            0.032235,            0.018937,           0.0056147,              0.9203,             0.85078,             0.91357,             0.60935,            0.024422,            0.012884,           0.0047674,            0.007459,            0.007459,            0.007459
                  79,            0.032316,             0.01905,           0.0056681,             0.92028,             0.85004,              0.9136,             0.60902,            0.024421,            0.012881,           0.0047818,            0.007426,            0.007426,            0.007426
                  80,            0.032247,            0.018944,           0.0057076,             0.92131,             0.84964,             0.91374,               0.609,            0.024424,            0.012877,           0.0047859,            0.007393,            0.007393,            0.007393
                  81,            0.032271,            0.019025,           0.0057101,             0.92033,             0.85105,             0.91379,             0.60883,            0.024425,            0.012874,           0.0048018,             0.00736,             0.00736,             0.00736
                  82,            0.032183,            0.018915,           0.0056982,             0.91874,             0.85059,             0.91327,             0.60879,            0.024424,            0.012872,           0.0048164,            0.007327,            0.007327,            0.007327
                  83,            0.032083,            0.018867,           0.0056505,             0.91873,             0.84921,              0.9129,             0.60897,            0.024423,             0.01287,           0.0048195,            0.007294,            0.007294,            0.007294
                  84,            0.032118,            0.018886,           0.0055734,             0.91954,              0.8493,             0.91287,               0.609,            0.024421,            0.012869,           0.0048165,            0.007261,            0.007261,            0.007261
                  85,            0.032132,            0.018859,           0.0056492,             0.91958,             0.85009,             0.91281,             0.60921,            0.024422,            0.012869,           0.0048218,            0.007228,            0.007228,            0.007228
                  86,            0.032061,            0.018983,           0.0056442,             0.91971,              0.8501,             0.91298,             0.60919,            0.024421,            0.012867,           0.0048436,            0.007195,            0.007195,            0.007195
                  87,            0.032014,            0.018846,           0.0056511,             0.91977,              0.8502,             0.91307,              0.6094,            0.024421,            0.012864,           0.0048584,            0.007162,            0.007162,            0.007162
                  88,            0.032019,            0.018886,           0.0056238,             0.91894,             0.85067,             0.91273,             0.60922,            0.024422,            0.012862,           0.0048694,            0.007129,            0.007129,            0.007129
                  89,            0.032034,            0.019019,           0.0056404,             0.91958,             0.85122,             0.91285,             0.60988,            0.024425,            0.012863,           0.0048694,            0.007096,            0.007096,            0.007096
                  90,            0.031896,            0.018696,             0.00559,             0.92021,             0.85133,             0.91277,             0.60982,            0.024425,            0.012863,           0.0048811,            0.007063,            0.007063,            0.007063
                  91,            0.031851,            0.018722,           0.0054881,             0.91974,              0.8512,             0.91279,             0.60984,            0.024427,            0.012863,            0.004895,             0.00703,             0.00703,             0.00703
                  92,             0.03188,            0.018697,           0.0056092,             0.92098,             0.85122,             0.91304,             0.61005,            0.024425,            0.012866,           0.0048882,            0.006997,            0.006997,            0.006997
                  93,             0.03187,            0.018757,           0.0055607,             0.92021,             0.85148,             0.91286,             0.61033,            0.024429,            0.012866,           0.0048914,            0.006964,            0.006964,            0.006964
                  94,            0.031722,            0.018685,            0.005597,             0.92007,             0.85141,             0.91291,             0.61041,            0.024426,            0.012867,           0.0049016,            0.006931,            0.006931,            0.006931
                  95,            0.031827,            0.018708,           0.0055366,             0.91983,             0.85139,             0.91287,              0.6104,            0.024417,            0.012865,           0.0048985,            0.006898,            0.006898,            0.006898
                  96,             0.03173,            0.018819,           0.0055445,             0.92013,             0.85178,             0.91279,             0.61039,            0.024411,            0.012864,           0.0049088,            0.006865,            0.006865,            0.006865
                  97,            0.031812,            0.018668,           0.0054506,             0.92015,             0.85223,             0.91318,             0.61046,            0.024409,            0.012862,           0.0049299,            0.006832,            0.006832,            0.006832
                  98,             0.03181,            0.018664,           0.0055241,             0.92073,             0.85185,             0.91308,              0.6105,            0.024405,            0.012862,           0.0049745,            0.006799,            0.006799,            0.006799
                  99,            0.031647,            0.018745,           0.0054293,             0.92007,             0.85234,             0.91296,             0.61056,            0.024404,            0.012861,           0.0050076,            0.006766,            0.006766,            0.006766
                 100,            0.031748,            0.018701,           0.0055494,             0.91954,             0.85302,             0.91295,             0.61069,            0.024403,            0.012862,           0.0050386,            0.006733,            0.006733,            0.006733
                 101,            0.031666,            0.018656,           0.0054791,             0.91932,             0.85352,             0.91284,             0.61055,            0.024396,             0.01286,           0.0050644,              0.0067,              0.0067,              0.0067
                 102,            0.031696,             0.01872,           0.0054685,             0.91948,             0.85419,             0.91282,             0.61043,            0.024394,            0.012859,           0.0050922,            0.006667,            0.006667,            0.006667
                 103,            0.031709,            0.018741,           0.0054103,             0.91941,             0.85379,             0.91293,             0.61063,            0.024391,            0.012857,            0.005114,            0.006634,            0.006634,            0.006634
                 104,            0.031666,            0.018638,           0.0054324,             0.91938,              0.8546,             0.91312,             0.61099,            0.024394,            0.012854,           0.0051305,            0.006601,            0.006601,            0.006601
                 105,            0.031563,            0.018634,           0.0054461,             0.91966,             0.85433,             0.91343,             0.61117,            0.024395,            0.012851,           0.0051592,            0.006568,            0.006568,            0.006568
                 106,            0.031519,            0.018644,            0.005417,             0.92114,             0.85464,             0.91394,              0.6116,            0.024392,            0.012847,           0.0052013,            0.006535,            0.006535,            0.006535
                 107,            0.031511,            0.018681,           0.0053755,             0.92082,             0.85545,             0.91406,             0.61175,            0.024385,            0.012844,           0.0052294,            0.006502,            0.006502,            0.006502
                 108,            0.031402,            0.018469,           0.0053867,             0.92097,             0.85524,             0.91396,             0.61145,            0.024382,            0.012841,           0.0052429,            0.006469,            0.006469,            0.006469
                 109,            0.031543,            0.018551,           0.0054628,             0.92172,             0.85507,             0.91409,             0.61197,            0.024378,            0.012841,           0.0052651,            0.006436,            0.006436,            0.006436
                 110,            0.031605,            0.018642,           0.0053633,             0.92172,             0.85436,             0.91398,             0.61198,            0.024378,            0.012839,           0.0052921,            0.006403,            0.006403,            0.006403
                 111,            0.031523,            0.018562,           0.0054144,             0.92017,             0.85518,             0.91401,             0.61221,            0.024375,            0.012838,           0.0052917,             0.00637,             0.00637,             0.00637
                 112,            0.031424,            0.018515,            0.005391,              0.9212,             0.85524,             0.91425,             0.61232,            0.024371,            0.012837,           0.0053016,            0.006337,            0.006337,            0.006337
                 113,            0.031425,            0.018469,           0.0053555,             0.92107,             0.85532,             0.91398,             0.61262,            0.024369,            0.012834,           0.0053033,            0.006304,            0.006304,            0.006304
                 114,            0.031426,            0.018531,           0.0053654,             0.92168,             0.85498,             0.91386,             0.61262,            0.024365,            0.012832,           0.0053165,            0.006271,            0.006271,            0.006271
                 115,            0.031301,             0.01853,           0.0053504,             0.92209,             0.85436,             0.91389,             0.61259,            0.024354,            0.012827,           0.0053358,            0.006238,            0.006238,            0.006238
                 116,            0.031351,             0.01831,           0.0052237,             0.92162,              0.8539,             0.91382,             0.61217,            0.024347,            0.012825,           0.0053421,            0.006205,            0.006205,            0.006205
                 117,            0.031341,             0.01838,           0.0052784,             0.92105,             0.85414,             0.91396,             0.61212,            0.024336,            0.012825,           0.0053584,            0.006172,            0.006172,            0.006172
                 118,            0.031212,            0.018398,           0.0052455,             0.92196,             0.85368,             0.91401,             0.61202,            0.024327,            0.012824,           0.0053749,            0.006139,            0.006139,            0.006139
                 119,            0.031341,             0.01841,           0.0052506,             0.92171,             0.85452,             0.91393,             0.61212,            0.024324,            0.012824,            0.005371,            0.006106,            0.006106,            0.006106
                 120,            0.031288,            0.018504,           0.0052408,             0.92195,              0.8545,             0.91414,             0.61238,            0.024318,            0.012827,           0.0053633,            0.006073,            0.006073,            0.006073
                 121,            0.031167,            0.018328,           0.0052491,             0.92205,             0.85405,              0.9142,             0.61265,            0.024312,            0.012828,           0.0053624,             0.00604,             0.00604,             0.00604
                 122,             0.03112,            0.018353,           0.0052724,             0.92103,             0.85506,             0.91427,             0.61248,            0.024308,            0.012829,           0.0053509,            0.006007,            0.006007,            0.006007
                 123,            0.031129,             0.01846,           0.0052539,             0.92096,             0.85519,             0.91416,              0.6129,            0.024305,            0.012831,           0.0053534,            0.005974,            0.005974,            0.005974
                 124,            0.031114,            0.018326,           0.0052045,             0.92172,             0.85578,             0.91457,             0.61294,            0.024306,            0.012832,           0.0053582,            0.005941,            0.005941,            0.005941
                 125,             0.03107,            0.018369,           0.0051555,              0.9209,             0.85658,             0.91418,             0.61316,             0.02431,            0.012835,            0.005352,            0.005908,            0.005908,            0.005908
                 126,            0.031021,            0.018333,           0.0052328,             0.92152,             0.85697,              0.9146,             0.61297,            0.024314,            0.012837,           0.0053535,            0.005875,            0.005875,            0.005875
                 127,            0.031051,            0.018267,           0.0052521,              0.9219,             0.85677,             0.91459,             0.61309,            0.024317,             0.01284,           0.0053617,            0.005842,            0.005842,            0.005842
                 128,            0.031007,            0.018317,           0.0052588,             0.92076,             0.85728,             0.91467,             0.61299,            0.024313,            0.012841,           0.0053725,            0.005809,            0.005809,            0.005809
                 129,            0.031108,            0.018324,           0.0051723,             0.92095,             0.85749,             0.91472,             0.61315,            0.024313,            0.012845,           0.0053753,            0.005776,            0.005776,            0.005776
                 130,            0.030988,            0.018443,           0.0050964,             0.92129,             0.85761,             0.91513,             0.61349,            0.024312,            0.012848,           0.0053613,            0.005743,            0.005743,            0.005743
                 131,            0.030927,            0.018285,           0.0051596,             0.92143,             0.85779,             0.91504,             0.61364,            0.024307,            0.012849,            0.005348,             0.00571,             0.00571,             0.00571
                 132,            0.030959,            0.018284,           0.0051888,             0.92156,             0.85778,             0.91531,             0.61416,            0.024301,            0.012851,           0.0053442,            0.005677,            0.005677,            0.005677
                 133,            0.030912,            0.018254,           0.0050907,             0.92149,              0.8582,             0.91515,             0.61447,            0.024293,            0.012851,           0.0053388,            0.005644,            0.005644,            0.005644
                 134,            0.030914,            0.018187,           0.0052055,             0.92213,             0.85847,             0.91515,             0.61436,            0.024296,            0.012852,           0.0053365,            0.005611,            0.005611,            0.005611
                 135,            0.030727,            0.018084,           0.0051155,             0.92264,             0.85847,             0.91544,             0.61451,            0.024301,            0.012854,           0.0053391,            0.005578,            0.005578,            0.005578
                 136,            0.030914,            0.018111,           0.0051489,             0.92424,             0.85764,              0.9155,             0.61425,            0.024299,            0.012854,            0.005326,            0.005545,            0.005545,            0.005545
                 137,            0.030785,            0.018071,           0.0051174,             0.92435,             0.85691,             0.91523,             0.61425,            0.024303,            0.012857,           0.0053396,            0.005512,            0.005512,            0.005512
                 138,            0.030725,            0.018167,           0.0051111,             0.92527,             0.85715,             0.91526,             0.61422,            0.024308,            0.012858,           0.0053492,            0.005479,            0.005479,            0.005479
                 139,            0.030726,            0.018135,           0.0050735,             0.92431,              0.8584,             0.91498,             0.61425,            0.024307,            0.012858,           0.0053577,            0.005446,            0.005446,            0.005446
                 140,            0.030697,            0.018269,           0.0050415,             0.92282,              0.8591,             0.91467,             0.61386,            0.024309,            0.012859,           0.0053703,            0.005413,            0.005413,            0.005413
                 141,            0.030618,            0.018051,           0.0050572,             0.92239,             0.85888,             0.91462,             0.61396,            0.024307,             0.01286,           0.0053792,             0.00538,             0.00538,             0.00538
                 142,            0.030617,            0.018126,           0.0049707,             0.92306,             0.85898,             0.91444,             0.61386,            0.024303,            0.012861,           0.0053892,            0.005347,            0.005347,            0.005347
                 143,            0.030694,            0.018094,           0.0051037,             0.92205,             0.85946,             0.91425,             0.61371,            0.024299,            0.012862,           0.0053783,            0.005314,            0.005314,            0.005314
                 144,            0.030648,            0.018118,           0.0050172,             0.92132,              0.8599,             0.91423,             0.61362,            0.024296,            0.012865,           0.0053757,            0.005281,            0.005281,            0.005281
                 145,             0.03066,             0.01813,           0.0050569,             0.92301,               0.859,             0.91416,             0.61327,            0.024289,            0.012865,           0.0053906,            0.005248,            0.005248,            0.005248
                 146,            0.030601,            0.018056,           0.0050112,             0.92258,             0.85959,             0.91419,             0.61357,            0.024286,            0.012866,           0.0053993,            0.005215,            0.005215,            0.005215
                 147,            0.030611,            0.018076,            0.004993,             0.92257,             0.85916,             0.91428,             0.61342,            0.024277,            0.012864,            0.005374,            0.005182,            0.005182,            0.005182
                 148,            0.030564,            0.018048,           0.0050434,             0.92185,             0.85926,             0.91413,             0.61332,            0.024272,            0.012862,            0.005371,            0.005149,            0.005149,            0.005149
                 149,             0.03053,            0.018013,           0.0050459,             0.92225,              0.8594,             0.91427,             0.61329,            0.024261,            0.012863,           0.0053487,            0.005116,            0.005116,            0.005116
                 150,            0.030508,            0.018147,           0.0049997,             0.92345,             0.85821,             0.91445,             0.61365,            0.024255,            0.012862,           0.0053368,            0.005083,            0.005083,            0.005083
                 151,            0.030401,            0.017993,            0.004962,             0.92326,             0.85784,              0.9144,             0.61362,            0.024239,            0.012861,            0.005334,             0.00505,             0.00505,             0.00505
                 152,            0.030389,            0.018105,           0.0049332,             0.92333,             0.85866,             0.91431,             0.61357,            0.024234,            0.012864,           0.0053274,            0.005017,            0.005017,            0.005017
                 153,            0.030402,            0.017989,           0.0049768,             0.92354,             0.85889,             0.91426,             0.61384,            0.024228,            0.012865,           0.0053236,            0.004984,            0.004984,            0.004984
                 154,            0.030351,            0.017925,           0.0048988,              0.9236,             0.85882,             0.91449,             0.61411,            0.024218,            0.012866,           0.0052999,            0.004951,            0.004951,            0.004951
                 155,            0.030309,            0.017921,           0.0049222,             0.92491,             0.85842,             0.91415,             0.61427,            0.024215,            0.012867,           0.0052839,            0.004918,            0.004918,            0.004918
                 156,            0.030225,            0.017893,             0.00496,             0.92402,             0.85928,             0.91393,              0.6141,            0.024216,            0.012869,           0.0052664,            0.004885,            0.004885,            0.004885
                 157,            0.030298,             0.01789,           0.0049163,             0.92385,             0.85956,             0.91395,             0.61445,            0.024218,            0.012871,           0.0052499,            0.004852,            0.004852,            0.004852
                 158,            0.030268,            0.017969,           0.0049178,             0.92301,             0.85959,             0.91385,             0.61462,            0.024222,            0.012875,           0.0052403,            0.004819,            0.004819,            0.004819
                 159,            0.030233,            0.017976,           0.0048923,             0.92306,             0.85903,             0.91386,              0.6146,            0.024226,            0.012876,           0.0052388,            0.004786,            0.004786,            0.004786
                 160,            0.030243,            0.017838,           0.0049255,             0.92248,             0.86012,             0.91352,             0.61414,            0.024224,            0.012879,           0.0052288,            0.004753,            0.004753,            0.004753
                 161,            0.030233,            0.017857,           0.0049125,             0.92124,             0.86149,             0.91358,             0.61417,            0.024221,            0.012879,           0.0052346,             0.00472,             0.00472,             0.00472
                 162,            0.030141,            0.017853,           0.0048861,             0.92147,             0.86074,             0.91335,             0.61466,            0.024217,            0.012877,           0.0052235,            0.004687,            0.004687,            0.004687
                 163,            0.030124,            0.017878,            0.004858,             0.92119,             0.86133,             0.91341,             0.61437,            0.024211,            0.012876,            0.005222,            0.004654,            0.004654,            0.004654
                 164,            0.030175,            0.017899,           0.0048209,             0.92185,             0.86092,             0.91333,             0.61459,            0.024211,            0.012877,           0.0052369,            0.004621,            0.004621,            0.004621
                 165,            0.030019,             0.01788,           0.0048236,             0.92147,               0.861,              0.9136,             0.61445,            0.024214,            0.012879,            0.005236,            0.004588,            0.004588,            0.004588
                 166,            0.029945,            0.017664,           0.0048303,              0.9209,             0.86206,             0.91345,             0.61442,            0.024217,            0.012881,           0.0052242,            0.004555,            0.004555,            0.004555
                 167,            0.030088,             0.01789,           0.0048209,             0.92171,             0.86194,             0.91352,             0.61421,            0.024218,            0.012883,           0.0052098,            0.004522,            0.004522,            0.004522
                 168,            0.030007,            0.017761,           0.0047393,               0.922,             0.86141,             0.91348,             0.61442,            0.024218,            0.012884,           0.0052019,            0.004489,            0.004489,            0.004489
                 169,            0.030003,            0.017805,           0.0048275,             0.92197,              0.8613,             0.91339,             0.61473,            0.024216,            0.012886,           0.0051999,            0.004456,            0.004456,            0.004456
                 170,            0.029843,            0.017745,           0.0047609,             0.92135,             0.86122,             0.91319,             0.61484,            0.024215,            0.012886,           0.0051989,            0.004423,            0.004423,            0.004423
                 171,            0.029873,            0.017754,           0.0047946,             0.92212,             0.86069,             0.91299,             0.61442,             0.02422,             0.01289,           0.0052001,             0.00439,             0.00439,             0.00439
                 172,            0.029893,            0.017676,           0.0047272,             0.92226,             0.86091,             0.91252,             0.61443,            0.024222,            0.012893,           0.0052029,            0.004357,            0.004357,            0.004357
                 173,            0.029887,            0.017613,           0.0047543,             0.92134,             0.86216,             0.91246,             0.61414,            0.024218,            0.012895,           0.0052133,            0.004324,            0.004324,            0.004324
                 174,            0.029864,            0.017762,           0.0047258,             0.92153,             0.86231,             0.91224,             0.61429,            0.024222,              0.0129,           0.0052165,            0.004291,            0.004291,            0.004291
                 175,            0.029736,            0.017703,           0.0047305,             0.92115,             0.86142,              0.9123,             0.61421,            0.024221,            0.012902,           0.0052212,            0.004258,            0.004258,            0.004258
                 176,             0.02981,            0.017629,           0.0047622,             0.92153,             0.86032,             0.91184,             0.61412,            0.024218,            0.012905,           0.0052414,            0.004225,            0.004225,            0.004225
                 177,            0.029871,            0.017711,           0.0047249,             0.92167,             0.86016,             0.91183,             0.61394,             0.02422,            0.012905,           0.0052707,            0.004192,            0.004192,            0.004192
                 178,            0.029614,            0.017622,           0.0047455,             0.92165,             0.86074,             0.91208,             0.61382,            0.024225,            0.012905,           0.0052933,            0.004159,            0.004159,            0.004159
                 179,            0.029648,            0.017665,           0.0047509,             0.92141,             0.86024,             0.91212,             0.61386,            0.024232,            0.012905,            0.005308,            0.004126,            0.004126,            0.004126
                 180,            0.029564,            0.017693,            0.004649,             0.92081,             0.86068,             0.91206,             0.61397,            0.024234,            0.012906,           0.0053148,            0.004093,            0.004093,            0.004093
                 181,            0.029637,            0.017595,           0.0046535,             0.92075,             0.86103,             0.91224,             0.61408,            0.024236,            0.012906,            0.005321,             0.00406,             0.00406,             0.00406
                 182,            0.029606,            0.017554,           0.0047361,             0.91976,             0.86097,             0.91163,             0.61401,            0.024237,            0.012908,           0.0053303,            0.004027,            0.004027,            0.004027
                 183,            0.029629,            0.017587,            0.004695,             0.92006,             0.86146,             0.91159,              0.6139,            0.024237,             0.01291,           0.0053465,            0.003994,            0.003994,            0.003994
                 184,             0.02948,            0.017556,           0.0045945,             0.92112,             0.86105,             0.91154,             0.61373,            0.024238,            0.012909,            0.005366,            0.003961,            0.003961,            0.003961
                 185,            0.029531,            0.017486,           0.0046677,             0.92018,             0.86129,             0.91163,             0.61376,            0.024236,            0.012908,            0.005378,            0.003928,            0.003928,            0.003928
                 186,            0.029545,            0.017532,           0.0046603,              0.9206,             0.86193,              0.9118,             0.61373,            0.024235,            0.012908,           0.0053791,            0.003895,            0.003895,            0.003895
                 187,            0.029422,             0.01744,           0.0045601,             0.92128,             0.86155,             0.91211,             0.61392,            0.024235,            0.012912,            0.005392,            0.003862,            0.003862,            0.003862
                 188,            0.029388,            0.017488,            0.004592,             0.92119,             0.86115,             0.91218,             0.61412,            0.024241,            0.012915,           0.0054069,            0.003829,            0.003829,            0.003829
                 189,            0.029319,            0.017448,           0.0045588,             0.92169,             0.86106,             0.91195,             0.61363,            0.024245,            0.012916,           0.0054014,            0.003796,            0.003796,            0.003796
                 190,            0.029362,             0.01753,           0.0046298,             0.92223,             0.86105,             0.91208,             0.61351,            0.024242,            0.012916,            0.005417,            0.003763,            0.003763,            0.003763
                 191,            0.029321,            0.017512,           0.0045657,             0.92247,              0.8614,             0.91217,             0.61363,            0.024238,            0.012915,           0.0054497,             0.00373,             0.00373,             0.00373
                 192,             0.02933,            0.017506,           0.0046012,             0.92211,             0.86125,             0.91224,             0.61388,            0.024231,            0.012915,           0.0054557,            0.003697,            0.003697,            0.003697
                 193,             0.02926,             0.01751,           0.0045462,             0.92127,               0.862,             0.91224,             0.61404,            0.024226,            0.012915,           0.0054463,            0.003664,            0.003664,            0.003664
                 194,            0.029242,            0.017379,           0.0044984,             0.92034,             0.86299,              0.9119,             0.61416,            0.024212,            0.012912,           0.0054292,            0.003631,            0.003631,            0.003631
                 195,            0.029193,            0.017307,           0.0045126,             0.91975,             0.86224,             0.91196,             0.61367,            0.024207,             0.01291,           0.0054166,            0.003598,            0.003598,            0.003598
                 196,            0.029152,            0.017405,           0.0045031,             0.92069,             0.86153,             0.91165,             0.61351,            0.024211,            0.012911,           0.0054075,            0.003565,            0.003565,            0.003565
                 197,            0.029181,            0.017426,           0.0045173,             0.92193,             0.86118,             0.91151,             0.61397,             0.02421,            0.012913,           0.0054161,            0.003532,            0.003532,            0.003532
                 198,            0.029032,              0.0173,           0.0044174,             0.92139,             0.86177,             0.91157,             0.61366,            0.024207,            0.012915,           0.0054528,            0.003499,            0.003499,            0.003499
                 199,            0.029037,            0.017191,            0.004457,              0.9206,             0.86262,              0.9117,             0.61387,            0.024206,            0.012917,           0.0054865,            0.003466,            0.003466,            0.003466
                 200,            0.029099,            0.017318,           0.0045073,             0.92133,             0.86223,             0.91156,             0.61409,            0.024207,            0.012922,           0.0055131,            0.003433,            0.003433,            0.003433
                 201,             0.02903,            0.017333,           0.0044119,             0.92061,             0.86325,             0.91142,             0.61365,            0.024207,            0.012928,           0.0055279,              0.0034,              0.0034,              0.0034
                 202,            0.028884,            0.017336,           0.0044594,             0.91979,             0.86302,             0.91128,             0.61387,            0.024202,             0.01293,           0.0055092,            0.003367,            0.003367,            0.003367
                 203,            0.028958,            0.017176,           0.0044069,             0.92012,             0.86277,             0.91133,             0.61363,            0.024202,            0.012932,            0.005496,            0.003334,            0.003334,            0.003334
                 204,            0.028928,            0.017242,            0.004389,             0.92057,             0.86274,             0.91133,             0.61359,            0.024198,            0.012934,           0.0054855,            0.003301,            0.003301,            0.003301
                 205,            0.028888,            0.017283,           0.0044162,             0.92074,             0.86198,             0.91104,              0.6139,            0.024196,            0.012937,           0.0054884,            0.003268,            0.003268,            0.003268
                 206,            0.028663,            0.017191,           0.0043482,             0.92123,             0.86213,             0.91097,             0.61375,            0.024194,            0.012941,           0.0055039,            0.003235,            0.003235,            0.003235
                 207,            0.028742,            0.017048,           0.0043037,             0.91993,             0.86238,             0.91071,             0.61371,            0.024184,            0.012941,           0.0055215,            0.003202,            0.003202,            0.003202
                 208,            0.028783,            0.017117,           0.0043798,             0.92016,             0.86232,             0.91077,             0.61367,             0.02418,            0.012942,           0.0055289,            0.003169,            0.003169,            0.003169
                 209,            0.028694,            0.017202,           0.0043892,             0.92086,             0.86183,             0.91077,             0.61348,             0.02418,            0.012945,            0.005531,            0.003136,            0.003136,            0.003136
                 210,            0.028734,            0.017116,           0.0043627,              0.9207,              0.8618,             0.91084,              0.6139,            0.024184,            0.012948,           0.0055275,            0.003103,            0.003103,            0.003103
                 211,            0.028575,            0.017104,           0.0043533,             0.92159,             0.86156,             0.91081,             0.61387,            0.024184,             0.01295,           0.0055228,             0.00307,             0.00307,             0.00307
                 212,            0.028556,            0.016906,           0.0043587,             0.92228,             0.86147,             0.91083,             0.61367,             0.02418,            0.012951,           0.0055099,            0.003037,            0.003037,            0.003037
                 213,            0.028703,            0.017113,           0.0042848,             0.92174,             0.86214,             0.91088,             0.61389,            0.024176,            0.012952,           0.0055111,            0.003004,            0.003004,            0.003004
                 214,            0.028521,            0.016986,           0.0042747,             0.92111,             0.86224,             0.91102,             0.61363,            0.024173,            0.012957,           0.0055126,            0.002971,            0.002971,            0.002971
                 215,            0.028455,            0.016937,           0.0042915,             0.92139,             0.86175,             0.91074,             0.61368,            0.024169,            0.012962,           0.0055213,            0.002938,            0.002938,            0.002938
                 216,            0.028469,            0.016978,           0.0042508,             0.92083,              0.8618,             0.91063,             0.61349,            0.024169,            0.012965,           0.0055206,            0.002905,            0.002905,            0.002905
                 217,            0.028511,             0.01706,           0.0042305,             0.92135,             0.86056,             0.91081,             0.61336,            0.024169,            0.012969,           0.0055013,            0.002872,            0.002872,            0.002872
                 218,            0.028384,            0.017031,           0.0042799,             0.92153,             0.86089,             0.91062,             0.61337,            0.024165,            0.012975,           0.0054711,            0.002839,            0.002839,            0.002839
                 219,            0.028216,            0.016833,           0.0041857,             0.92213,             0.86156,             0.91086,             0.61359,            0.024162,             0.01298,           0.0054621,            0.002806,            0.002806,            0.002806
                 220,            0.028433,            0.016847,           0.0041967,             0.92143,             0.86156,             0.91067,             0.61343,            0.024158,            0.012983,           0.0054506,            0.002773,            0.002773,            0.002773
                 221,             0.02832,            0.016838,           0.0042465,             0.92238,             0.86211,             0.91051,             0.61316,             0.02416,            0.012989,           0.0054554,             0.00274,             0.00274,             0.00274
                 222,            0.028307,            0.017064,           0.0041793,             0.92245,             0.86145,              0.9105,             0.61309,            0.024157,            0.012991,           0.0054592,            0.002707,            0.002707,            0.002707
                 223,            0.028188,            0.016855,           0.0041819,             0.92248,             0.86151,             0.91063,               0.613,            0.024158,            0.012993,           0.0054619,            0.002674,            0.002674,            0.002674
                 224,             0.02803,            0.016775,           0.0041133,             0.92142,             0.86242,             0.91058,             0.61305,            0.024165,            0.012998,           0.0054622,            0.002641,            0.002641,            0.002641
                 225,            0.028129,            0.016818,           0.0041529,             0.92056,              0.8638,             0.91066,             0.61302,            0.024166,            0.013001,           0.0054759,            0.002608,            0.002608,            0.002608
                 226,            0.028059,            0.016773,           0.0041327,             0.92177,             0.86327,             0.91062,             0.61291,             0.02417,            0.013008,           0.0054675,            0.002575,            0.002575,            0.002575
                 227,            0.028112,            0.016802,           0.0041457,             0.92216,             0.86335,             0.91055,             0.61291,            0.024171,            0.013016,            0.005458,            0.002542,            0.002542,            0.002542
                 228,             0.02803,            0.016737,            0.004208,             0.92173,             0.86327,              0.9103,             0.61269,            0.024176,            0.013022,           0.0054449,            0.002509,            0.002509,            0.002509
                 229,             0.02794,            0.016664,           0.0041262,             0.92248,             0.86299,             0.91042,             0.61286,            0.024179,            0.013027,           0.0054459,            0.002476,            0.002476,            0.002476
                 230,             0.02798,              0.0167,           0.0040646,             0.92301,              0.8632,             0.91027,             0.61265,            0.024185,            0.013035,           0.0054508,            0.002443,            0.002443,            0.002443
                 231,             0.02794,            0.016577,           0.0041401,             0.92266,             0.86301,             0.91032,              0.6127,            0.024189,            0.013042,           0.0054572,             0.00241,             0.00241,             0.00241
                 232,            0.027961,             0.01677,           0.0040755,             0.92163,             0.86332,             0.91013,             0.61254,            0.024191,            0.013048,           0.0054451,            0.002377,            0.002377,            0.002377
                 233,            0.027771,            0.016622,            0.004073,             0.92145,             0.86329,             0.91024,             0.61273,            0.024192,            0.013054,            0.005445,            0.002344,            0.002344,            0.002344
                 234,            0.027839,            0.016622,           0.0040956,             0.92249,             0.86288,             0.91015,             0.61255,            0.024189,            0.013057,           0.0054474,            0.002311,            0.002311,            0.002311
                 235,            0.027756,            0.016646,           0.0040159,             0.92203,             0.86283,             0.91013,             0.61223,            0.024193,            0.013063,           0.0054511,            0.002278,            0.002278,            0.002278
                 236,             0.02762,             0.01644,            0.004011,             0.92267,             0.86375,             0.91005,             0.61246,            0.024198,            0.013067,           0.0054474,            0.002245,            0.002245,            0.002245
                 237,            0.027557,            0.016453,           0.0039841,             0.92115,             0.86429,             0.91013,             0.61213,            0.024204,            0.013071,           0.0054557,            0.002212,            0.002212,            0.002212
                 238,            0.027571,            0.016427,            0.004037,              0.9211,              0.8643,             0.90995,             0.61207,            0.024211,            0.013075,           0.0054608,            0.002179,            0.002179,            0.002179
                 239,            0.027549,            0.016504,           0.0039986,             0.92083,             0.86364,             0.91001,             0.61203,            0.024217,            0.013078,           0.0054675,            0.002146,            0.002146,            0.002146
                 240,            0.027479,            0.016586,            0.003994,             0.92065,             0.86375,             0.90968,             0.61219,            0.024224,            0.013081,           0.0054773,            0.002113,            0.002113,            0.002113
                 241,            0.027343,            0.016347,           0.0039839,             0.92077,             0.86416,             0.90963,             0.61217,             0.02423,            0.013085,           0.0054736,             0.00208,             0.00208,             0.00208
                 242,            0.027478,             0.01647,           0.0040183,             0.92021,               0.865,              0.9098,             0.61233,             0.02423,             0.01309,           0.0054753,            0.002047,            0.002047,            0.002047
                 243,            0.027376,            0.016323,           0.0039321,             0.92021,             0.86496,             0.90995,             0.61203,            0.024232,            0.013094,           0.0054799,            0.002014,            0.002014,            0.002014
                 244,            0.027256,            0.016283,           0.0038754,             0.92068,             0.86448,             0.91006,             0.61195,            0.024232,            0.013095,           0.0054883,            0.001981,            0.001981,            0.001981
                 245,            0.027222,            0.016297,           0.0038803,             0.92006,             0.86456,              0.9101,             0.61211,            0.024236,            0.013098,           0.0054924,            0.001948,            0.001948,            0.001948
                 246,            0.027205,            0.016206,           0.0038472,             0.92084,             0.86392,             0.90966,             0.61203,            0.024237,            0.013103,           0.0055148,            0.001915,            0.001915,            0.001915
                 247,            0.027354,            0.016375,           0.0039249,             0.92104,             0.86369,             0.90971,             0.61221,            0.024237,            0.013107,           0.0055322,            0.001882,            0.001882,            0.001882
                 248,            0.027165,            0.016287,           0.0038196,              0.9207,             0.86383,             0.90978,              0.6122,            0.024241,            0.013111,           0.0055435,            0.001849,            0.001849,            0.001849
                 249,            0.027005,            0.016125,           0.0038374,             0.92035,             0.86354,             0.90962,             0.61234,            0.024249,            0.013113,           0.0055646,            0.001816,            0.001816,            0.001816
                 250,            0.027052,            0.016314,           0.0038549,             0.91929,             0.86418,             0.90957,             0.61243,            0.024254,            0.013115,            0.005583,            0.001783,            0.001783,            0.001783
                 251,            0.027044,            0.016203,           0.0038305,             0.91947,             0.86504,             0.90949,             0.61237,            0.024255,            0.013118,           0.0056032,             0.00175,             0.00175,             0.00175
                 252,            0.027009,            0.016362,           0.0038016,             0.91969,             0.86456,             0.90982,             0.61231,             0.02426,            0.013122,           0.0056121,            0.001717,            0.001717,            0.001717
                 253,            0.026864,            0.016067,           0.0037684,             0.91977,             0.86384,             0.90973,               0.612,            0.024267,            0.013126,             0.00562,            0.001684,            0.001684,            0.001684
                 254,            0.026811,            0.016092,           0.0037937,              0.9195,             0.86447,             0.91004,             0.61211,            0.024269,            0.013128,           0.0056341,            0.001651,            0.001651,            0.001651
                 255,            0.026848,            0.016164,            0.003785,             0.91925,             0.86409,             0.90955,             0.61239,            0.024269,            0.013131,           0.0056407,            0.001618,            0.001618,            0.001618
                 256,             0.02667,            0.016037,           0.0037372,             0.91911,             0.86433,              0.9092,             0.61201,            0.024271,            0.013133,            0.005659,            0.001585,            0.001585,            0.001585
                 257,            0.026755,            0.016074,           0.0037218,             0.91905,             0.86523,             0.90915,             0.61207,            0.024279,            0.013136,           0.0056847,            0.001552,            0.001552,            0.001552
                 258,            0.026636,            0.015965,           0.0037026,             0.91974,             0.86467,             0.90912,              0.6121,            0.024285,            0.013141,           0.0057002,            0.001519,            0.001519,            0.001519
                 259,            0.026653,            0.015977,           0.0036706,             0.91991,             0.86494,             0.90926,             0.61219,            0.024295,            0.013146,           0.0057095,            0.001486,            0.001486,            0.001486
                 260,            0.026453,            0.016012,           0.0037241,             0.91923,             0.86536,             0.90912,             0.61214,            0.024296,             0.01315,           0.0057213,            0.001453,            0.001453,            0.001453
                 261,            0.026565,            0.015858,           0.0036882,               0.919,             0.86587,             0.90907,             0.61237,            0.024298,            0.013152,           0.0057327,             0.00142,             0.00142,             0.00142
                 262,            0.026385,            0.015981,           0.0036154,             0.91967,             0.86576,             0.90929,             0.61233,            0.024298,            0.013155,           0.0057343,            0.001387,            0.001387,            0.001387
                 263,            0.026355,            0.015723,           0.0036269,             0.91998,             0.86678,             0.90995,             0.61241,              0.0243,             0.01316,           0.0057382,            0.001354,            0.001354,            0.001354
                 264,            0.026292,            0.015856,           0.0035939,             0.91962,             0.86597,             0.90965,             0.61247,            0.024302,            0.013163,           0.0057403,            0.001321,            0.001321,            0.001321
                 265,            0.026238,            0.015886,           0.0036359,              0.9202,             0.86555,             0.90961,             0.61253,            0.024308,            0.013167,           0.0057454,            0.001288,            0.001288,            0.001288
                 266,            0.026124,            0.015692,           0.0035563,             0.91914,             0.86555,             0.90973,             0.61256,            0.024314,            0.013175,           0.0057593,            0.001255,            0.001255,            0.001255
                 267,            0.026213,            0.015749,           0.0036169,              0.9196,             0.86485,             0.90945,             0.61243,            0.024316,            0.013181,           0.0057699,            0.001222,            0.001222,            0.001222
                 268,            0.026094,             0.01569,           0.0035431,              0.9208,             0.86486,             0.90976,             0.61244,            0.024316,            0.013186,           0.0057776,            0.001189,            0.001189,            0.001189
                 269,            0.025878,            0.015508,           0.0034645,             0.92105,             0.86469,             0.90954,             0.61258,            0.024319,            0.013191,           0.0057913,            0.001156,            0.001156,            0.001156
                 270,            0.025937,            0.015606,           0.0035487,             0.92081,             0.86449,             0.90923,             0.61249,            0.024323,            0.013195,           0.0058086,            0.001123,            0.001123,            0.001123
